,Week,Species 1 Density,Species 2 Density,Species 8 Density
0,Week 1,0.2026941429838267,0.13090663401038807,0.0
1,Week 2,0.1572991005447405,0.3589375448671931,0.0
2,Week 3,0.22908660951817914,0.13512942865588445,0.0
3,Week 4,0.02322537055023014,0.3325450783328407,0.0
4,Week 5,0.2533676787297834,0.2913728305392509,0.1678560871584815
