,Week,Species 1 Density,Species 2 Density,Species 3 Density,Species 4 Density,Species 5 Density,Species 6 Density
0,Week 1,0.05061472792173517,1.007474108156443,0.26994521558258755,0.0,0.0,0.0
1,Week 2,0.036153377086953695,0.16871575973911723,0.002410225139130246,0.014461350834781476,0.0,0.0
2,Week 3,0.08194765473042837,0.1518441837652055,0.004820450278260492,0.004820450278260492,0.002410225139130246,0.0
3,Week 4,0.033743151947823444,1.3665976538868496,0.014461350834781476,0.02410225139130246,0.0,0.792964070773851
4,Week 5,0.014461350834781476,1.7715154772607309,0.007230675417390738,0.0,0.004820450278260492,0.04820450278260492
