,Week,Species 1 Density,Species 2 Density,Species 4 Density,Species 5 Density,Species 6 Density,Species 7 Density
0,Week 1,0.27977928855268824,0.16307990616172738,0.0,0.0014961459280892421,0.0,0.013465313352803179
1,Week 2,0.23639105663810026,0.09276104754153301,0.0,0.0,0.0,0.0
2,Week 3,0.1705606358021736,0.01496145928089242,0.21095657586058314,0.0,0.0,0.0
3,Week 4,0.046380523770766506,0.07031885862019438,0.0,0.0,0.18552209508306602,0.0
4,Week 5,0.3052137693302054,0.0,0.0,0.14662230095274573,0.0,0.0
